date,value,series_id,label
2025-11-01,325.063,CPIAUCSL,cpi_all_urban_sa
2025-12-01,326.031,CPIAUCSL,cpi_all_urban_sa
2026-01-01,326.588,CPIAUCSL,cpi_all_urban_sa
2026-02-01,327.46,CPIAUCSL,cpi_all_urban_sa
2025-11-03,65.79,DCOILBRENTEU,brent_crude_eia
2025-11-04,65.04,DCOILBRENTEU,brent_crude_eia
2025-11-05,63.54,DCOILBRENTEU,brent_crude_eia
2025-11-06,63.41,DCOILBRENTEU,brent_crude_eia
2025-11-07,63.72,DCOILBRENTEU,brent_crude_eia
2025-11-10,63.01,DCOILBRENTEU,brent_crude_eia
2025-11-11,63.86,DCOILBRENTEU,brent_crude_eia
2025-11-12,61.88,DCOILBRENTEU,brent_crude_eia
2025-11-13,62.14,DCOILBRENTEU,brent_crude_eia
2025-11-14,63.45,DCOILBRENTEU,brent_crude_eia
2025-11-17,63.16,DCOILBRENTEU,brent_crude_eia
2025-11-18,64.86,DCOILBRENTEU,brent_crude_eia
2025-11-19,63.78,DCOILBRENTEU,brent_crude_eia
2025-11-20,63.64,DCOILBRENTEU,brent_crude_eia
2025-11-21,62.78,DCOILBRENTEU,brent_crude_eia
2025-11-24,64.83,DCOILBRENTEU,brent_crude_eia
2025-11-25,63.99,DCOILBRENTEU,brent_crude_eia
2025-11-26,64.81,DCOILBRENTEU,brent_crude_eia
2025-11-27,64.18,DCOILBRENTEU,brent_crude_eia
2025-11-28,64.07,DCOILBRENTEU,brent_crude_eia
2025-12-01,64.22,DCOILBRENTEU,brent_crude_eia
2025-12-02,63.37,DCOILBRENTEU,brent_crude_eia
2025-12-03,63.75,DCOILBRENTEU,brent_crude_eia
2025-12-04,64.15,DCOILBRENTEU,brent_crude_eia
2025-12-05,64.42,DCOILBRENTEU,brent_crude_eia
2025-12-08,63.3,DCOILBRENTEU,brent_crude_eia
2025-12-09,62.62,DCOILBRENTEU,brent_crude_eia
2025-12-10,63.12,DCOILBRENTEU,brent_crude_eia
2025-12-11,61.87,DCOILBRENTEU,brent_crude_eia
2025-12-12,62.11,DCOILBRENTEU,brent_crude_eia
2025-12-15,61.55,DCOILBRENTEU,brent_crude_eia
2025-12-16,59.93,DCOILBRENTEU,brent_crude_eia
2025-12-17,60.61,DCOILBRENTEU,brent_crude_eia
2025-12-18,60.69,DCOILBRENTEU,brent_crude_eia
2025-12-19,61.35,DCOILBRENTEU,brent_crude_eia
2025-12-22,62.22,DCOILBRENTEU,brent_crude_eia
2025-12-23,63.7,DCOILBRENTEU,brent_crude_eia
2025-12-24,63.7,DCOILBRENTEU,brent_crude_eia
2025-12-25,,DCOILBRENTEU,brent_crude_eia
2025-12-26,,DCOILBRENTEU,brent_crude_eia
2025-12-29,63.1,DCOILBRENTEU,brent_crude_eia
2025-12-30,62.3,DCOILBRENTEU,brent_crude_eia
2025-12-31,61.35,DCOILBRENTEU,brent_crude_eia
2026-01-01,,DCOILBRENTEU,brent_crude_eia
2026-01-02,61.98,DCOILBRENTEU,brent_crude_eia
2026-01-05,63.0,DCOILBRENTEU,brent_crude_eia
2026-01-06,62.1,DCOILBRENTEU,brent_crude_eia
2026-01-07,61.08,DCOILBRENTEU,brent_crude_eia
2026-01-08,63.34,DCOILBRENTEU,brent_crude_eia
2026-01-09,65.11,DCOILBRENTEU,brent_crude_eia
2026-01-12,65.4,DCOILBRENTEU,brent_crude_eia
2026-01-13,67.58,DCOILBRENTEU,brent_crude_eia
2026-01-14,68.87,DCOILBRENTEU,brent_crude_eia
2026-01-15,66.16,DCOILBRENTEU,brent_crude_eia
2026-01-16,66.97,DCOILBRENTEU,brent_crude_eia
2026-01-19,66.91,DCOILBRENTEU,brent_crude_eia
2026-01-20,67.68,DCOILBRENTEU,brent_crude_eia
2026-01-21,66.72,DCOILBRENTEU,brent_crude_eia
2026-01-22,65.46,DCOILBRENTEU,brent_crude_eia
2026-01-23,68.16,DCOILBRENTEU,brent_crude_eia
2026-01-26,67.7,DCOILBRENTEU,brent_crude_eia
2026-01-27,70.28,DCOILBRENTEU,brent_crude_eia
2026-01-28,70.9,DCOILBRENTEU,brent_crude_eia
2026-01-29,71.0,DCOILBRENTEU,brent_crude_eia
2026-01-30,72.25,DCOILBRENTEU,brent_crude_eia
2026-02-02,67.72,DCOILBRENTEU,brent_crude_eia
2026-02-03,70.01,DCOILBRENTEU,brent_crude_eia
2026-02-04,71.15,DCOILBRENTEU,brent_crude_eia
2026-02-05,69.87,DCOILBRENTEU,brent_crude_eia
2026-02-06,70.45,DCOILBRENTEU,brent_crude_eia
2026-02-09,71.19,DCOILBRENTEU,brent_crude_eia
2026-02-10,71.01,DCOILBRENTEU,brent_crude_eia
2026-02-11,71.52,DCOILBRENTEU,brent_crude_eia
2026-02-12,69.8,DCOILBRENTEU,brent_crude_eia
2026-02-13,69.96,DCOILBRENTEU,brent_crude_eia
2026-02-16,70.81,DCOILBRENTEU,brent_crude_eia
2026-02-17,69.77,DCOILBRENTEU,brent_crude_eia
2026-02-18,71.78,DCOILBRENTEU,brent_crude_eia
2026-02-19,73.17,DCOILBRENTEU,brent_crude_eia
2026-02-20,72.75,DCOILBRENTEU,brent_crude_eia
2026-02-23,71.9,DCOILBRENTEU,brent_crude_eia
2026-02-24,71.21,DCOILBRENTEU,brent_crude_eia
2026-02-25,70.69,DCOILBRENTEU,brent_crude_eia
2026-02-26,71.66,DCOILBRENTEU,brent_crude_eia
2026-02-27,71.32,DCOILBRENTEU,brent_crude_eia
2026-03-02,77.24,DCOILBRENTEU,brent_crude_eia
2026-03-03,83.28,DCOILBRENTEU,brent_crude_eia
2026-03-04,81.56,DCOILBRENTEU,brent_crude_eia
2026-03-05,88.59,DCOILBRENTEU,brent_crude_eia
2026-03-06,95.74,DCOILBRENTEU,brent_crude_eia
2026-03-09,94.35,DCOILBRENTEU,brent_crude_eia
2026-03-10,89.84,DCOILBRENTEU,brent_crude_eia
2026-03-11,90.98,DCOILBRENTEU,brent_crude_eia
2026-03-12,102.38,DCOILBRENTEU,brent_crude_eia
2026-03-13,103.23,DCOILBRENTEU,brent_crude_eia
2026-03-16,101.04,DCOILBRENTEU,brent_crude_eia
2026-03-17,108.39,DCOILBRENTEU,brent_crude_eia
2026-03-18,118.09,DCOILBRENTEU,brent_crude_eia
2026-03-19,111.05,DCOILBRENTEU,brent_crude_eia
2026-03-20,118.42,DCOILBRENTEU,brent_crude_eia
2026-03-23,103.79,DCOILBRENTEU,brent_crude_eia
2026-03-24,108.42,DCOILBRENTEU,brent_crude_eia
2026-03-25,109.14,DCOILBRENTEU,brent_crude_eia
2026-03-26,113.39,DCOILBRENTEU,brent_crude_eia
2026-03-27,121.47,DCOILBRENTEU,brent_crude_eia
2026-03-30,121.88,DCOILBRENTEU,brent_crude_eia
2025-11-03,121.4512,DTWEXBGS,usd_trade_weighted
2025-11-04,121.8271,DTWEXBGS,usd_trade_weighted
2025-11-05,121.8482,DTWEXBGS,usd_trade_weighted
2025-11-06,121.6948,DTWEXBGS,usd_trade_weighted
2025-11-07,121.388,DTWEXBGS,usd_trade_weighted
2025-11-10,121.2984,DTWEXBGS,usd_trade_weighted
2025-11-11,,DTWEXBGS,usd_trade_weighted
2025-11-12,121.0458,DTWEXBGS,usd_trade_weighted
2025-11-13,120.7725,DTWEXBGS,usd_trade_weighted
2025-11-14,120.9666,DTWEXBGS,usd_trade_weighted
2025-11-17,121.1146,DTWEXBGS,usd_trade_weighted
2025-11-18,121.2127,DTWEXBGS,usd_trade_weighted
2025-11-19,121.4978,DTWEXBGS,usd_trade_weighted
2025-11-20,121.6889,DTWEXBGS,usd_trade_weighted
2025-11-21,121.8653,DTWEXBGS,usd_trade_weighted
2025-11-24,121.9171,DTWEXBGS,usd_trade_weighted
2025-11-25,121.6335,DTWEXBGS,usd_trade_weighted
2025-11-26,121.2437,DTWEXBGS,usd_trade_weighted
2025-11-27,,DTWEXBGS,usd_trade_weighted
2025-11-28,121.0527,DTWEXBGS,usd_trade_weighted
2025-12-01,120.9862,DTWEXBGS,usd_trade_weighted
2025-12-02,121.1467,DTWEXBGS,usd_trade_weighted
2025-12-03,120.7336,DTWEXBGS,usd_trade_weighted
2025-12-04,120.6766,DTWEXBGS,usd_trade_weighted
2025-12-05,120.6863,DTWEXBGS,usd_trade_weighted
2025-12-08,120.776,DTWEXBGS,usd_trade_weighted
2025-12-09,120.6832,DTWEXBGS,usd_trade_weighted
2025-12-10,120.6752,DTWEXBGS,usd_trade_weighted
2025-12-11,119.98,DTWEXBGS,usd_trade_weighted
2025-12-12,120.1442,DTWEXBGS,usd_trade_weighted
2025-12-15,119.9561,DTWEXBGS,usd_trade_weighted
2025-12-16,119.8902,DTWEXBGS,usd_trade_weighted
2025-12-17,120.155,DTWEXBGS,usd_trade_weighted
2025-12-18,120.0528,DTWEXBGS,usd_trade_weighted
2025-12-19,120.1652,DTWEXBGS,usd_trade_weighted
2025-12-22,119.9912,DTWEXBGS,usd_trade_weighted
2025-12-23,119.7057,DTWEXBGS,usd_trade_weighted
2025-12-24,119.4372,DTWEXBGS,usd_trade_weighted
2025-12-25,,DTWEXBGS,usd_trade_weighted
2025-12-26,119.4723,DTWEXBGS,usd_trade_weighted
2025-12-29,119.5899,DTWEXBGS,usd_trade_weighted
2025-12-30,119.4939,DTWEXBGS,usd_trade_weighted
2025-12-31,119.7456,DTWEXBGS,usd_trade_weighted
2026-01-01,,DTWEXBGS,usd_trade_weighted
2026-01-02,119.6059,DTWEXBGS,usd_trade_weighted
2026-01-05,119.6192,DTWEXBGS,usd_trade_weighted
2026-01-06,119.7807,DTWEXBGS,usd_trade_weighted
2026-01-07,119.8719,DTWEXBGS,usd_trade_weighted
2026-01-08,120.0904,DTWEXBGS,usd_trade_weighted
2026-01-09,120.2215,DTWEXBGS,usd_trade_weighted
2026-01-12,119.9958,DTWEXBGS,usd_trade_weighted
2026-01-13,120.1401,DTWEXBGS,usd_trade_weighted
2026-01-14,119.9537,DTWEXBGS,usd_trade_weighted
2026-01-15,119.9951,DTWEXBGS,usd_trade_weighted
2026-01-16,120.0838,DTWEXBGS,usd_trade_weighted
2026-01-19,,DTWEXBGS,usd_trade_weighted
2026-01-20,119.4455,DTWEXBGS,usd_trade_weighted
2026-01-21,119.3431,DTWEXBGS,usd_trade_weighted
2026-01-22,119.1962,DTWEXBGS,usd_trade_weighted
2026-01-23,118.8976,DTWEXBGS,usd_trade_weighted
2026-01-26,118.0525,DTWEXBGS,usd_trade_weighted
2026-01-27,117.4523,DTWEXBGS,usd_trade_weighted
2026-01-28,117.5117,DTWEXBGS,usd_trade_weighted
2026-01-29,117.4396,DTWEXBGS,usd_trade_weighted
2026-01-30,117.8996,DTWEXBGS,usd_trade_weighted
2026-02-02,118.3609,DTWEXBGS,usd_trade_weighted
2026-02-03,117.9764,DTWEXBGS,usd_trade_weighted
2026-02-04,118.2602,DTWEXBGS,usd_trade_weighted
2026-02-05,118.5034,DTWEXBGS,usd_trade_weighted
2026-02-06,118.2407,DTWEXBGS,usd_trade_weighted
2026-02-09,117.6392,DTWEXBGS,usd_trade_weighted
2026-02-10,117.5216,DTWEXBGS,usd_trade_weighted
2026-02-11,117.4601,DTWEXBGS,usd_trade_weighted
2026-02-12,117.5376,DTWEXBGS,usd_trade_weighted
2026-02-13,117.5258,DTWEXBGS,usd_trade_weighted
2026-02-16,,DTWEXBGS,usd_trade_weighted
2026-02-17,117.7375,DTWEXBGS,usd_trade_weighted
2026-02-18,117.8426,DTWEXBGS,usd_trade_weighted
2026-02-19,118.2354,DTWEXBGS,usd_trade_weighted
2026-02-20,117.9917,DTWEXBGS,usd_trade_weighted
2026-02-23,117.9395,DTWEXBGS,usd_trade_weighted
2026-02-24,117.9463,DTWEXBGS,usd_trade_weighted
2026-02-25,117.769,DTWEXBGS,usd_trade_weighted
2026-02-26,117.9042,DTWEXBGS,usd_trade_weighted
2026-02-27,117.8223,DTWEXBGS,usd_trade_weighted
2026-03-02,118.667,DTWEXBGS,usd_trade_weighted
2026-03-03,119.4341,DTWEXBGS,usd_trade_weighted
2026-03-04,119.0705,DTWEXBGS,usd_trade_weighted
2026-03-05,119.5683,DTWEXBGS,usd_trade_weighted
2026-03-06,119.491,DTWEXBGS,usd_trade_weighted
2026-03-09,119.5151,DTWEXBGS,usd_trade_weighted
2026-03-10,118.7255,DTWEXBGS,usd_trade_weighted
2026-03-11,119.2885,DTWEXBGS,usd_trade_weighted
2026-03-12,119.8227,DTWEXBGS,usd_trade_weighted
2026-03-13,120.5518,DTWEXBGS,usd_trade_weighted
2026-03-16,120.097,DTWEXBGS,usd_trade_weighted
2026-03-17,119.8328,DTWEXBGS,usd_trade_weighted
2026-03-18,119.9276,DTWEXBGS,usd_trade_weighted
2026-03-19,120.1802,DTWEXBGS,usd_trade_weighted
2026-03-20,120.2757,DTWEXBGS,usd_trade_weighted
2026-03-23,119.9371,DTWEXBGS,usd_trade_weighted
2026-03-24,120.1295,DTWEXBGS,usd_trade_weighted
2026-03-25,120.1282,DTWEXBGS,usd_trade_weighted
2026-03-26,120.389,DTWEXBGS,usd_trade_weighted
2026-03-27,120.8851,DTWEXBGS,usd_trade_weighted
2026-03-30,121.2851,DTWEXBGS,usd_trade_weighted
2026-03-31,121.035,DTWEXBGS,usd_trade_weighted
2026-04-01,120.1198,DTWEXBGS,usd_trade_weighted
2026-04-02,120.503,DTWEXBGS,usd_trade_weighted
2026-04-03,120.6565,DTWEXBGS,usd_trade_weighted
